{"cameraMode":{"drawMode":0,"name":"Shaded","section":"Shading Mode"},"sceneLighting":true,"audioPlay":false,"sceneViewState":{"showFog":true,"showMaterialUpdate":true,"showSkybox":true,"showFlares":true,"showImageEffects":true,"showParticleSystems":true,"showVisualEffectGraphs":true,"m_FxEnabled":true},"in2DMode":false,"pivot":{"x":-1.2782297134399415,"y":0.6548885703086853,"z":0.34393513202667239},"rotation":{"x":-0.05411234125494957,"y":0.9445421695709229,"z":-0.20162779092788697,"w":-0.25349393486976626},"size":1.207395076751709,"orthographic":false}