{"cameraMode":{"drawMode":0,"name":"Shaded","section":"Shading Mode"},"sceneLighting":true,"audioPlay":false,"sceneViewState":{"showFog":true,"showMaterialUpdate":true,"showSkybox":true,"showFlares":true,"showImageEffects":true,"showParticleSystems":true,"showVisualEffectGraphs":true,"m_FxEnabled":true},"in2DMode":false,"pivot":{"x":-17.07622528076172,"y":1.7623854875564576,"z":19.222896575927736},"rotation":{"x":0.2086566686630249,"y":-0.09458386898040772,"z":0.020284205675125123,"w":0.9731749296188355},"size":11.779003143310547,"orthographic":false}